filename,model_type,network,num_nodes,num_possible_sources,avg_num_sources,avg_portion_affected,accuracy,avg rank of source,avg norm rank of source,avg prediction for source,avg prediction over all nodes,min prediction over all nodes,max prediction over all nodes,source in top 5,source in top 20,source in top 40,source in top 80,pdgrapher_perturbation_discovery,pdgrapher_response_prediction
baseline_advanced_random_1211_1217,advanced_random,pw_in_cancer,,,,,0.005,115.442,0.479,0.004,0.004,0.0,0.014,0.019,0.086,0.173,0.352,,
baseline_advanced_random_1211_1526,advanced_random,pw_in_cancer,,,,,0.005,115.442,0.479,0.004,0.004,0.0,0.014,0.019,0.086,0.173,0.352,,
baseline_advanced_random_1211_1539,advanced_random,pw_in_cancer,,,,,0.003,116.047,0.482,0.004,0.004,0.0,0.014,0.018,0.088,0.17,0.35,,
baseline_advanced_random_1211_1607,advanced_random,pw_in_cancer,,,,,0.003,116.047,0.482,0.004,0.004,0.0,0.014,0.018,0.088,0.17,0.35,,
baseline_overlap_1211_1217,overlap,pw_in_cancer,,,,,0.003,122.527,0.508,0.004,0.004,0.0,0.016,0.014,0.073,0.156,0.308,,
baseline_overlap_1211_1526,overlap,pw_in_cancer,,,,,0.003,122.527,0.508,0.004,0.004,0.0,0.016,0.014,0.073,0.156,0.308,,
baseline_overlap_1211_1539,overlap,pw_in_cancer,,,,,0.004,123.7,0.513,0.004,0.004,0.0,0.016,0.015,0.076,0.161,0.304,,
baseline_overlap_1211_1607,overlap,pw_in_cancer,,,,,0.004,123.7,0.513,0.004,0.004,0.0,0.016,0.015,0.076,0.161,0.304,,
baseline_random_1211_1217,random,pw_in_cancer,,,,,0.005,119.795,0.497,0.004,0.004,0.0,0.009,0.02,0.081,0.164,0.33,,
baseline_random_1211_1526,random,pw_in_cancer,,,,,0.005,119.795,0.497,0.004,0.004,0.0,0.009,0.02,0.081,0.164,0.33,,
baseline_random_1211_1539,random,pw_in_cancer,,,,,0.004,119.532,0.496,0.004,0.004,0.0,0.009,0.02,0.086,0.167,0.339,,
baseline_random_1211_1607,random,pw_in_cancer,,,,,0.004,119.532,0.496,0.004,0.004,0.0,0.009,0.02,0.086,0.167,0.339,,
baseline_smallestSuperset_1211_1217,smallestSuperset,pw_in_cancer,,,,,0.019,92.13,0.382,0.004,0.004,0.004,0.004,0.032,0.133,0.283,0.534,,
baseline_smallestSuperset_1211_1526,smallestSuperset,pw_in_cancer,,,,,0.019,92.13,0.382,0.004,0.004,0.004,0.004,0.032,0.133,0.283,0.534,,
baseline_smallestSuperset_1211_1539,smallestSuperset,pw_in_cancer,,,,,0.023,90.608,0.376,0.004,0.004,0.004,0.004,0.038,0.143,0.292,0.54,,
baseline_smallestSuperset_1211_1607,smallestSuperset,pw_in_cancer,,,,,0.023,90.608,0.376,0.004,0.004,0.004,0.004,0.038,0.143,0.292,0.54,,
pdgrapher_1211_1232,pdgrapher,pw_in_cancer,241.0,203.0,1.0,1.0,0.073,81.442,0.338,0.31,-0.139,-1.936,3.94,0.168,0.299,0.393,0.556,"{'recall@1': 0.0221, 'recall@10': 0.1423, 'recall@100': 0.5915, 'recall@1000': 1.0, 'ranking_score': 0.6364, 'ranking_score_dcg': 0.1605, 'perc_partially_accurate_predictions': 2.21, 'recall@1_std': 0.1469, 'recall@10_std': 0.3493, 'recall@100_std': 0.4916, 'recall@1000_std': 0.0, 'ranking_score_std': 0.2849, 'ranking_score_dcg_std': 0.1774, 'perc_partially_accurate_predictions_std': 14.69, 'total_samples': 3535, 'avg_topk': 153.3658}","{'forward_mae': -1, 'forward_mse': -1, 'forward_r2': -1, 'forward_r2_scgen': -1, 'forward_spearman': -1, 'backward_mae': -1, 'backward_mse': -1, 'backward_r2': -1, 'backward_r2_scgen': -1, 'backward_spearman': -1, 'backward_avg_topk': -1}"
pdgrapher_1211_1535,pdgrapher,pw_in_cancer,241.0,203.0,1.0,1.0,0.064,67.651,0.281,0.469,-0.196,-2.758,3.3,0.163,0.338,0.457,0.633,"{'recall@1': 0.0178, 'recall@10': 0.1446, 'recall@100': 0.6857, 'recall@1000': 1.0, 'ranking_score': 0.6983, 'ranking_score_dcg': 0.1706, 'perc_partially_accurate_predictions': 1.78, 'recall@1_std': 0.1323, 'recall@10_std': 0.3517, 'recall@100_std': 0.4642, 'recall@1000_std': 0.0, 'ranking_score_std': 0.2526, 'ranking_score_dcg_std': 0.1612, 'perc_partially_accurate_predictions_std': 13.23, 'total_samples': 3535, 'avg_topk': 168.2871}","{'forward_mae': -1, 'forward_mse': -1, 'forward_r2': -1, 'forward_r2_scgen': -1, 'forward_spearman': -1, 'backward_mae': -1, 'backward_mse': -1, 'backward_r2': -1, 'backward_r2_scgen': -1, 'backward_spearman': -1, 'backward_avg_topk': -1}"
pdgrapher_1211_1557,pdgrapher,pw_in_cancer,241.0,203.0,1.0,1.0,0.054,72.056,0.299,0.448,-0.023,-1.449,2.895,0.14,0.314,0.438,0.606,"{'recall@1': 0.0177, 'recall@10': 0.1371, 'recall@100': 0.66, 'recall@1000': 1.0, 'ranking_score': 0.6732, 'ranking_score_dcg': 0.1642, 'perc_partially_accurate_predictions': 1.77, 'recall@1_std': 0.1318, 'recall@10_std': 0.344, 'recall@100_std': 0.4737, 'recall@1000_std': 0.0, 'ranking_score_std': 0.2671, 'ranking_score_dcg_std': 0.1636, 'perc_partially_accurate_predictions_std': 13.18, 'total_samples': 2035, 'avg_topk': 162.2442}","{'forward_mae': -1, 'forward_mse': -1, 'forward_r2': -1, 'forward_r2_scgen': -1, 'forward_spearman': -1, 'backward_mae': -1, 'backward_mse': -1, 'backward_r2': -1, 'backward_r2_scgen': -1, 'backward_spearman': -1, 'backward_avg_topk': -1}"
pdgrapher_1211_1615,pdgrapher,pw_in_cancer,241.0,203.0,1.0,1.0,0.054,72.056,0.299,0.448,-0.023,-1.449,2.895,0.14,0.314,0.438,0.606,"{'recall@1': 0.0157, 'recall@10': 0.1435, 'recall@100': 0.659, 'recall@1000': 1.0, 'ranking_score': 0.6768, 'ranking_score_dcg': 0.1653, 'perc_partially_accurate_predictions': 1.57, 'recall@1_std': 0.1244, 'recall@10_std': 0.3506, 'recall@100_std': 0.4741, 'recall@1000_std': 0.0, 'ranking_score_std': 0.2656, 'ranking_score_dcg_std': 0.1611, 'perc_partially_accurate_predictions_std': 12.44, 'total_samples': 2035, 'avg_topk': 163.0993}","{'forward_mae': -1, 'forward_mse': -1, 'forward_r2': -1, 'forward_r2_scgen': -1, 'forward_spearman': -1, 'backward_mae': -1, 'backward_mse': -1, 'backward_r2': -1, 'backward_r2_scgen': -1, 'backward_spearman': -1, 'backward_avg_topk': -1}"
pdgraphernognn_1211_1235,pdgraphernognn,pw_in_cancer,241.0,203.0,1.0,1.0,0.094,70.199,0.291,0.513,-0.218,-2.993,4.159,0.178,0.317,0.444,0.625,"{'recall@1': 0.0147, 'recall@10': 0.112, 'recall@100': 0.6421, 'recall@1000': 1.0, 'ranking_score': 0.6551, 'ranking_score_dcg': 0.1524, 'perc_partially_accurate_predictions': 1.47, 'recall@1_std': 0.1204, 'recall@10_std': 0.3154, 'recall@100_std': 0.4794, 'recall@1000_std': 0.0, 'ranking_score_std': 0.271, 'ranking_score_dcg_std': 0.1527, 'perc_partially_accurate_predictions_std': 12.04, 'total_samples': 3535, 'avg_topk': 157.873}","{'forward_mae': -1, 'forward_mse': -1, 'forward_r2': -1, 'forward_r2_scgen': -1, 'forward_spearman': -1, 'backward_mae': -1, 'backward_mse': -1, 'backward_r2': -1, 'backward_r2_scgen': -1, 'backward_spearman': -1, 'backward_avg_topk': -1}"
pdgraphernognn_1211_1536,pdgraphernognn,pw_in_cancer,241.0,203.0,1.0,1.0,0.048,68.556,0.284,0.424,-0.352,-4.609,3.344,0.125,0.296,0.429,0.618,"{'recall@1': 0.0127, 'recall@10': 0.1284, 'recall@100': 0.6818, 'recall@1000': 1.0, 'ranking_score': 0.6947, 'ranking_score_dcg': 0.1627, 'perc_partially_accurate_predictions': 1.27, 'recall@1_std': 0.1121, 'recall@10_std': 0.3346, 'recall@100_std': 0.4658, 'recall@1000_std': 0.0, 'ranking_score_std': 0.2413, 'ranking_score_dcg_std': 0.1475, 'perc_partially_accurate_predictions_std': 11.21, 'total_samples': 3535, 'avg_topk': 167.4215}","{'forward_mae': -1, 'forward_mse': -1, 'forward_r2': -1, 'forward_r2_scgen': -1, 'forward_spearman': -1, 'backward_mae': -1, 'backward_mse': -1, 'backward_r2': -1, 'backward_r2_scgen': -1, 'backward_spearman': -1, 'backward_avg_topk': -1}"
pdgraphernognn_1211_1611,pdgraphernognn,pw_in_cancer,241.0,203.0,1.0,1.0,0.092,71.631,0.297,0.621,-0.089,-2.585,4.324,0.185,0.329,0.447,0.616,"{'recall@1': 0.0201, 'recall@10': 0.144, 'recall@100': 0.6486, 'recall@1000': 1.0, 'ranking_score': 0.6683, 'ranking_score_dcg': 0.1657, 'perc_partially_accurate_predictions': 2.01, 'recall@1_std': 0.1405, 'recall@10_std': 0.3511, 'recall@100_std': 0.4774, 'recall@1000_std': 0.0, 'ranking_score_std': 0.2775, 'ranking_score_dcg_std': 0.1685, 'perc_partially_accurate_predictions_std': 14.05, 'total_samples': 2035, 'avg_topk': 161.0668}","{'forward_mae': -1, 'forward_mse': -1, 'forward_r2': -1, 'forward_r2_scgen': -1, 'forward_spearman': -1, 'backward_mae': -1, 'backward_mse': -1, 'backward_r2': -1, 'backward_r2_scgen': -1, 'backward_spearman': -1, 'backward_avg_topk': -1}"
